{"cameraMode":{"drawMode":0,"name":"Shaded","section":"Shading Mode"},"sceneLighting":true,"audioPlay":false,"sceneViewState":{"m_AlwaysRefresh":false,"showFog":true,"showSkybox":true,"showFlares":true,"showImageEffects":true,"showParticleSystems":true,"showVisualEffectGraphs":true,"m_FxEnabled":true},"in2DMode":false,"pivot":{"x":-8.7279691696167,"y":14.988157272338868,"z":-44.88929748535156},"rotation":{"x":-0.07523825019598007,"y":-0.0023959351237863304,"z":0.00018087028001900762,"w":-0.9971629977226257},"size":5.828084468841553,"orthographic":false}