{"cameraMode":{"drawMode":0,"name":"Shaded","section":"Shading Mode"},"sceneLighting":false,"audioPlay":false,"sceneViewState":{"m_AlwaysRefresh":false,"showFog":true,"showSkybox":false,"showFlares":true,"showImageEffects":true,"showParticleSystems":true,"showVisualEffectGraphs":true,"m_FxEnabled":true},"in2DMode":false,"pivot":{"x":19.73143768310547,"y":-2.316669464111328,"z":-17.122512817382814},"rotation":{"x":0.00002853124897228554,"y":0.99550861120224,"z":-0.09466761350631714,"w":0.00029949413146823645},"size":43.605342864990237,"orthographic":false}